{"cameraMode":{"drawMode":0,"name":"Shaded","section":"Shading Mode"},"sceneLighting":true,"audioPlay":false,"sceneViewState":{"showFog":true,"showMaterialUpdate":true,"showSkybox":true,"showFlares":true,"showImageEffects":true,"showParticleSystems":true},"in2DMode":false,"pivot":{"x":-0.4284769892692566,"y":-0.865828275680542,"z":0.2702035903930664},"rotation":{"x":-0.018625004217028619,"y":0.9529240131378174,"z":-0.2966645658016205,"w":-0.05982581898570061},"size":6.964491844177246,"orthographic":false}